<?xml version="1.0" encoding="UTF-8" ?>
<document>
<!--The data in this file is primarily intended for consumption by Xilinx tools.
The structure and the elements are likely to change over the next few releases.
This means code written to parse this file will need to be revisited each subsequent release.-->
<application name="pa" timeStamp="Thu Feb 10 02:26:16 2022">
<section name="Project Information" visible="false">
<property name="ProjectID" value="af37c36a53f94397886b7c67021ff715" type="ProjectID"/>
<property name="ProjectIteration" value="6" type="ProjectIteration"/>
</section>
<section name="PlanAhead Usage" visible="true">
<item name="Project Data">
<property name="SrcSetCount" value="1" type="SrcSetCount"/>
<property name="ConstraintSetCount" value="1" type="ConstraintSetCount"/>
<property name="DesignMode" value="RTL" type="DesignMode"/>
<property name="SynthesisStrategy" value="Vivado Synthesis Defaults" type="SynthesisStrategy"/>
<property name="ImplStrategy" value="Vivado Implementation Defaults" type="ImplStrategy"/>
</item>
<item name="Java Command Handlers">
<property name="AddModuleToBlockDesign" value="1" type="JavaHandler"/>
<property name="AddSources" value="18" type="JavaHandler"/>
<property name="AutoConnectPort" value="21" type="JavaHandler"/>
<property name="CoreView" value="5" type="JavaHandler"/>
<property name="CreateBlockDesign" value="1" type="JavaHandler"/>
<property name="CreateTopHDL" value="4" type="JavaHandler"/>
<property name="CustomizeRSBBlock" value="30" type="JavaHandler"/>
<property name="EditCopy" value="1" type="JavaHandler"/>
<property name="EditDelete" value="133" type="JavaHandler"/>
<property name="EditProperties" value="3" type="JavaHandler"/>
<property name="EditRedo" value="37" type="JavaHandler"/>
<property name="EditUndo" value="178" type="JavaHandler"/>
<property name="IPPackagerWizardHandler" value="8" type="JavaHandler"/>
<property name="MakeRSBConnection" value="1" type="JavaHandler"/>
<property name="OpenBlockDesign" value="20" type="JavaHandler"/>
<property name="OpenProject" value="5" type="JavaHandler"/>
<property name="ProjectSettingsCmdHandler" value="26" type="JavaHandler"/>
<property name="RecustomizeCore" value="9" type="JavaHandler"/>
<property name="RegenerateRSBLayout" value="53" type="JavaHandler"/>
<property name="ReportIPStatus" value="4" type="JavaHandler"/>
<property name="RunBitgen" value="1" type="JavaHandler"/>
<property name="RunImplementation" value="4" type="JavaHandler"/>
<property name="RunSynthesis" value="30" type="JavaHandler"/>
<property name="SaveFileProxyHandler" value="5" type="JavaHandler"/>
<property name="SaveRSBDesign" value="34" type="JavaHandler"/>
<property name="SetTopNode" value="1" type="JavaHandler"/>
<property name="ShowProductGuide" value="2" type="JavaHandler"/>
<property name="ShowView" value="12" type="JavaHandler"/>
<property name="SimulationRun" value="40" type="JavaHandler"/>
<property name="ToolsOptions" value="2" type="JavaHandler"/>
<property name="ToolsTemplates" value="1" type="JavaHandler"/>
<property name="ValidateRSBDesign" value="35" type="JavaHandler"/>
</item>
<item name="Gui Resources Info">
<property name="Data Bits, 8" value="1" type="GuiResourceData"/>
<property name="IP, IP" value="1" type="GuiResourceData"/>
<property name="OK, OK" value="1" type="GuiResourceData"/>
<property name="PAResourceAtoD.ApplyRSBMultiAutomationDialog_CHECKBOX_TREE, [All Automation (2 out of 2 selected" value="3" type="GuiResourceData"/>
<property name="PAResourceAtoD.CmdMsgDialog_OK, OK" value="1" type="GuiResourceData"/>
<property name="PAResourceAtoD.CmdMsgDialog_OPEN_MESSAGES_VIEW, Open Messages View" value="3" type="GuiResourceData"/>
<property name="PAResourceAtoD.CoreTreeTablePanel_CORE_TREE_TABLE, AXI UART16550, 0" value="1" type="GuiResourceData"/>
<property name="PAResourceAtoD.CoreTreeTablePanel_CORE_TREE_TABLE, AXI UART16550, 0, AXI UART16550, 0, false" value="1" type="GuiResourceData"/>
<property name="PAResourceAtoD.CoreTreeTablePanel_CORE_TREE_TABLE, AXI UART16550, 0, AXI UART16550, 0, false, false, false, false, false, true" value="1" type="GuiResourceData"/>
<property name="PAResourceAtoD.CoreTreeTablePanel_CORE_TREE_TABLE, AXI Uartlite, 1" value="1" type="GuiResourceData"/>
<property name="PAResourceAtoD.CoreTreeTablePanel_CORE_TREE_TABLE, AXI Uartlite, 1, AXI Uartlite, 0, false" value="1" type="GuiResourceData"/>
<property name="PAResourceAtoD.CoreTreeTablePanel_CORE_TREE_TABLE, AXI Uartlite, 1, AXI Uartlite, 0, false, false, false, false, false, true" value="1" type="GuiResourceData"/>
<property name="PAResourceAtoD.CoreTreeTablePanel_CORE_TREE_TABLE, uart_axifull_v1.0, 3" value="2" type="GuiResourceData"/>
<property name="PAResourceAtoD.CoreTreeTablePanel_CORE_TREE_TABLE, uart_axifull_v1.0, 3, uart_axifull_v1.0, 0, false" value="3" type="GuiResourceData"/>
<property name="PAResourceAtoD.CoreTreeTablePanel_CORE_TREE_TABLE, uart_axifull_v1.0, 3, uart_axifull_v1.0, 0, false, false, false, false, false, true" value="2" type="GuiResourceData"/>
<property name="PAResourceCommand.PACommandNames_AUTO_CONNECT_PORTS, Make External" value="1" type="GuiResourceData"/>
<property name="PAResourceCommand.PACommandNames_REGENERATE_LAYOUT, System_regenerate_rsb_layout" value="4" type="GuiResourceData"/>
<property name="PAResourceCommand.PACommandNames_SIMULATION_RUN_BEHAVIORAL, Run Behavioral Simulation" value="6" type="GuiResourceData"/>
<property name="PAResourceCommand.PACommandNames_VALIDATE_RSB_DESIGN, System_validate_bd_design_rsb" value="1" type="GuiResourceData"/>
<property name="PAResourceEtoH.FileSetPanel_FILE_SET_PANEL_TREE, [root, Simulation Sources, sim_1, system_tb - Behavioral (system_tb.vhd" value="2" type="GuiResourceData"/>
<property name="PAResourceEtoH.FileSetPanel_FILE_SET_PANEL_TREE, [root, Simulation Sources], 5" value="1" type="GuiResourceData"/>
<property name="PAResourceEtoH.FlowNavigatorTreePanel_FLOW_NAVIGATOR_TREE, [, Project Manager, Project Settings], 1, false" value="1" type="GuiResourceData"/>
<property name="PAResourceEtoH.FlowNavigatorTreePanel_FLOW_NAVIGATOR_TREE, [, Simulation, Run Simulation], 11, false" value="6" type="GuiResourceData"/>
<property name="PAResourceItoN.MsgTreePanel_MESSAGE_VIEW_TREE, [, Simulation, sim_1, [VRFC 10-664] expression has 1 elements ; expected 0 [D:/Vivado/project_4/project_4.ip_user_files/bd/design_1/ip/design_1_uart_axifull_0_0/sim/design_1_uart_axifull_0_0.vhd:141]. ], 6, true" value="1" type="GuiResourceData"/>
<property name="PAResourceItoN.MsgTreePanel_MESSAGE_VIEW_TREE, [, Simulation, sim_1], 5" value="1" type="GuiResourceData"/>
<property name="PAResourceItoN.MsgTreePanel_MESSAGE_VIEW_TREE, [, Simulation], 4" value="1" type="GuiResourceData"/>
<property name="PAResourceItoN.MsgTreePanel_MESSAGE_VIEW_TREE, [, Vivado Commands, generate_target Simulation [get_files D:/Vivado/project_4/project_4.srcs/sources_1/bd/design_1/design_1.bd]. ], 1" value="1" type="GuiResourceData"/>
<property name="PAResourceItoN.MsgTreePanel_MESSAGE_VIEW_TREE, [, Vivado Commands, launch_simulation. , [USF-XSim 62] 'compile' step failed with error(s" value="1" type="GuiResourceData"/>
<property name="PAResourceOtoP.ProjectSettingsIPPage_TABBED_PANE, PAResourceOtoP.ProjectSettingsIPPage_REPOSITORY_MANAGER, Repository Manager, 1" value="1" type="GuiResourceData"/>
<property name="PAResourceOtoP.ProjectSettingsIPRepositoryPanel_ADD_REPOSITORY, Add Repository" value="1" type="GuiResourceData"/>
<property name="PAResourceOtoP.ProjectSettingsIPRepositoryPanel_REPOSITORY_CHOOSER, d:/Vivado/ip_repo/uart_axifull, 2" value="1" type="GuiResourceData"/>
<property name="PAResourceQtoS.RSBApplyAutomationBar_RUN_CONNECTION_AUTOMATION, Run Connection Automation" value="4" type="GuiResourceData"/>
<property name="PAResourceQtoS.RSBExternalInterfacePropPanels_NAME, tx_o" value="1" type="GuiResourceData"/>
<property name="PAResourceQtoS.SelectMenu_HIGHLIGHT, Highlight" value="1" type="GuiResourceData"/>
<property name="PAResourceQtoS.SystemBuilderMenu_ADD_IP, Add IP..." value="4" type="GuiResourceData"/>
<property name="PAResourceQtoS.SystemBuilderView_EXPAND_COLLAPSE, Expand/Collapse" value="3" type="GuiResourceData"/>
<property name="RDIResource.AbstractCombinedPanel_REMOVE_SELECTED_ELEMENTS, Remove" value="1" type="GuiResourceData"/>
<property name="RDIResource.AddRepositoryInfoDialog_OK, OK" value="1" type="GuiResourceData"/>
<property name="RDIResource.BaseDialog_OK, OK" value="5" type="GuiResourceData"/>
<property name="RDIResource.ProgressDialog_CANCEL, Cancel" value="3" type="GuiResourceData"/>
</item>
<item name="Other">
<property name="GuiMode" value="72" type="GuiMode"/>
<property name="BatchMode" value="0" type="BatchMode"/>
<property name="TclMode" value="67" type="TclMode"/>
</item>
</section>
</application>
</document>
