<?xml version="1.0" encoding="UTF-8"?>
<GenRun Id="synth_2" LaunchPart="xc7a50tftg256-2" LaunchTime="1643328597">
  <File Type="RDS-PROPCONSTRS" Name="ad7414_drc_synth.rpt"/>
  <File Type="PA-TCL" Name="ad7414.tcl"/>
  <File Type="RDS-RDS" Name="ad7414.vds"/>
  <File Type="RDS-UTIL" Name="ad7414_utilization_synth.rpt"/>
  <File Type="RDS-UTIL-PB" Name="ad7414_utilization_synth.pb"/>
  <File Type="RDS-DCP" Name="ad7414.dcp"/>
  <File Type="VDS-TIMINGSUMMARY" Name="ad7414_timing_summary_synth.rpt"/>
  <File Type="VDS-TIMING-PB" Name="ad7414_timing_summary_synth.pb"/>
  <FileSet Name="sources" Type="DesignSrcs" RelSrcDir="$PSRCDIR/sources_1">
    <Filter Type="Srcs"/>
    <File Path="$PSRCDIR/sources_1/new/i2c_master.vhd">
      <FileInfo>
        <Attr Name="ImportPath" Val="D:/Vivado/project_4/project_4.srcs/sources_1/new/i2c_master.vhd"/>
        <Attr Name="ImportTime" Val="1644439953"/>
        <Attr Name="UsedIn" Val="synthesis"/>
        <Attr Name="UsedIn" Val="simulation"/>
      </FileInfo>
    </File>
    <File Path="$PSRCDIR/sources_1/new/ad7414.vhd">
      <FileInfo>
        <Attr Name="ImportPath" Val="D:/Vivado/project_4/project_4.srcs/sources_1/new/ad7414.vhd"/>
        <Attr Name="ImportTime" Val="1643835948"/>
        <Attr Name="UsedIn" Val="synthesis"/>
        <Attr Name="UsedIn" Val="simulation"/>
      </FileInfo>
    </File>
    <File Path="$PSRCDIR/sources_1/bd/design_1/design_1.bd">
      <FileInfo>
        <Attr Name="AutoDisabled" Val="1"/>
        <Attr Name="ImportPath" Val="D:/Vivado/project_4/project_4.srcs/sources_1/bd/design_1/design_1.bd"/>
        <Attr Name="ImportTime" Val="1644449168"/>
        <Attr Name="UsedIn" Val="synthesis"/>
        <Attr Name="UsedIn" Val="implementation"/>
        <Attr Name="UsedIn" Val="simulation"/>
      </FileInfo>
    </File>
    <File Path="$PSRCDIR/sources_1/bd/design_1/hdl/design_1_wrapper.vhd">
      <FileInfo>
        <Attr Name="AutoDisabled" Val="1"/>
        <Attr Name="ImportPath" Val="D:/Vivado/project_4/project_4.srcs/sources_1/bd/design_1/hdl/design_1_wrapper.vhd"/>
        <Attr Name="ImportTime" Val="1644448756"/>
        <Attr Name="UsedIn" Val="synthesis"/>
        <Attr Name="UsedIn" Val="simulation"/>
      </FileInfo>
    </File>
    <Config>
      <Option Name="DesignMode" Val="RTL"/>
      <Option Name="TopModule" Val="ad7414"/>
    </Config>
  </FileSet>
  <FileSet Name="constrs_in" Type="Constrs" RelSrcDir="$PSRCDIR/constrs_1">
    <Filter Type="Constrs"/>
    <Config>
      <Option Name="ConstrsType" Val="XDC"/>
    </Config>
  </FileSet>
  <Strategy Version="1" Minor="2">
    <StratHandle Name="Vivado Synthesis Defaults" Flow="Vivado Synthesis 2016"/>
    <Step Id="synth_design"/>
  </Strategy>
</GenRun>
