<?xml version="1.0" encoding="UTF-8" ?>
<document>
<!--The data in this file is primarily intended for consumption by Xilinx tools.
The structure and the elements are likely to change over the next few releases.
This means code written to parse this file will need to be revisited each subsequent release.-->
<application name="pa" timeStamp="Thu Feb 17 21:14:34 2022">
<section name="Project Information" visible="false">
<property name="ProjectID" value="af37c36a53f94397886b7c67021ff715" type="ProjectID"/>
<property name="ProjectIteration" value="6" type="ProjectIteration"/>
</section>
<section name="PlanAhead Usage" visible="true">
<item name="Project Data">
<property name="SrcSetCount" value="1" type="SrcSetCount"/>
<property name="ConstraintSetCount" value="1" type="ConstraintSetCount"/>
<property name="DesignMode" value="RTL" type="DesignMode"/>
<property name="SynthesisStrategy" value="Vivado Synthesis Defaults" type="SynthesisStrategy"/>
<property name="ImplStrategy" value="Vivado Implementation Defaults" type="ImplStrategy"/>
</item>
<item name="Java Command Handlers">
<property name="AddModuleToBlockDesign" value="1" type="JavaHandler"/>
<property name="AddSources" value="18" type="JavaHandler"/>
<property name="ArchiveProject" value="3" type="JavaHandler"/>
<property name="AutoConnectPort" value="21" type="JavaHandler"/>
<property name="CoreView" value="6" type="JavaHandler"/>
<property name="CreateBlockDesign" value="1" type="JavaHandler"/>
<property name="CreateTopHDL" value="5" type="JavaHandler"/>
<property name="CustomizeRSBBlock" value="30" type="JavaHandler"/>
<property name="EditCopy" value="1" type="JavaHandler"/>
<property name="EditDelete" value="138" type="JavaHandler"/>
<property name="EditProperties" value="3" type="JavaHandler"/>
<property name="EditRedo" value="60" type="JavaHandler"/>
<property name="EditUndo" value="192" type="JavaHandler"/>
<property name="IPPackagerWizardHandler" value="8" type="JavaHandler"/>
<property name="MakeRSBConnection" value="1" type="JavaHandler"/>
<property name="NewProject" value="1" type="JavaHandler"/>
<property name="OpenBlockDesign" value="23" type="JavaHandler"/>
<property name="OpenProject" value="8" type="JavaHandler"/>
<property name="ProjectSettingsCmdHandler" value="26" type="JavaHandler"/>
<property name="RecustomizeCore" value="9" type="JavaHandler"/>
<property name="RegenerateRSBLayout" value="54" type="JavaHandler"/>
<property name="ReportIPStatus" value="4" type="JavaHandler"/>
<property name="RunBitgen" value="1" type="JavaHandler"/>
<property name="RunImplementation" value="4" type="JavaHandler"/>
<property name="RunSynthesis" value="32" type="JavaHandler"/>
<property name="SaveFileProxyHandler" value="5" type="JavaHandler"/>
<property name="SaveRSBDesign" value="35" type="JavaHandler"/>
<property name="SetTopNode" value="1" type="JavaHandler"/>
<property name="ShowProductGuide" value="2" type="JavaHandler"/>
<property name="ShowView" value="30" type="JavaHandler"/>
<property name="SimulationRun" value="65" type="JavaHandler"/>
<property name="ToolsOptions" value="2" type="JavaHandler"/>
<property name="ToolsTemplates" value="1" type="JavaHandler"/>
<property name="ValidateRSBDesign" value="35" type="JavaHandler"/>
</item>
<item name="Gui Resources Info">
<property name="PAResourceAtoD.CmdMsgDialog_OK, OK" value="1" type="GuiResourceData"/>
<property name="PAResourceAtoD.CoreTreeTablePanel_CORE_TREE_TABLE, AXI Peripheral ;  ;  ;  ; , 1" value="1" type="GuiResourceData"/>
<property name="PAResourceAtoD.CoreTreeTablePanel_CORE_TREE_TABLE, AXI Peripheral ;  ;  ;  ; , 3" value="1" type="GuiResourceData"/>
<property name="PAResourceAtoD.CoreTreeTablePanel_CORE_TREE_TABLE, AXI Peripheral ;  ;  ;  ; , 5" value="1" type="GuiResourceData"/>
<property name="PAResourceAtoD.CoreTreeTablePanel_CORE_TREE_TABLE, sensor_axi_v1.0 ; AXI4 ; Pre-Production ; Included ; xilinx.com:user:sensor_axi:1.0, 2, sensor_axi_v1.0, 0, false" value="1" type="GuiResourceData"/>
<property name="PAResourceEtoH.FileSetPanel_FILE_SET_PANEL_TREE, [root, Design Sources, ad7414 - behavior (ad7414.vhd" value="5" type="GuiResourceData"/>
<property name="PAResourceEtoH.FlowNavigatorTreePanel_FLOW_NAVIGATOR_TREE, [, Project Manager, IP Catalog], 4, false" value="1" type="GuiResourceData"/>
<property name="PAResourceEtoH.GettingStartedView_RECENT_PROJECTS, D:/Vivado/project_4/project_4.xpr, 0" value="1" type="GuiResourceData"/>
<property name="PAResourceOtoP.PAViews_CODE, Code" value="1" type="GuiResourceData"/>
<property name="PAResourceOtoP.PlanAheadTab_REFRESH_CHANGED_MODULES, Refresh Changed Modules" value="1" type="GuiResourceData"/>
<property name="RDIResource.CodeView_TOGGLE_COLUMN_SELECTION_MODE, Toggle column selection mode" value="1" type="GuiResourceData"/>
<property name="ad7414.vhd, 1, 702" value="1" type="GuiResourceData"/>
<property name="ad7414.vhd, 10, 703" value="1" type="GuiResourceData"/>
<property name="ad7414.vhd, 104, 580" value="1" type="GuiResourceData"/>
<property name="ad7414.vhd, 11, 702" value="1" type="GuiResourceData"/>
<property name="ad7414.vhd, 1209, 612" value="1" type="GuiResourceData"/>
<property name="ad7414.vhd, 137, 110" value="1" type="GuiResourceData"/>
<property name="ad7414.vhd, 14, 505" value="1" type="GuiResourceData"/>
<property name="ad7414.vhd, 142, 707" value="1" type="GuiResourceData"/>
<property name="ad7414.vhd, 150, 704" value="1" type="GuiResourceData"/>
<property name="ad7414.vhd, 152, 756" value="1" type="GuiResourceData"/>
<property name="ad7414.vhd, 154, 775" value="1" type="GuiResourceData"/>
<property name="ad7414.vhd, 155, 698" value="1" type="GuiResourceData"/>
<property name="ad7414.vhd, 165, 420" value="1" type="GuiResourceData"/>
<property name="ad7414.vhd, 189, 721" value="1" type="GuiResourceData"/>
<property name="ad7414.vhd, 236, 383" value="1" type="GuiResourceData"/>
<property name="ad7414.vhd, 237, 753" value="1" type="GuiResourceData"/>
<property name="ad7414.vhd, 242, 398" value="1" type="GuiResourceData"/>
<property name="ad7414.vhd, 245, 375" value="1" type="GuiResourceData"/>
<property name="ad7414.vhd, 26, 482" value="1" type="GuiResourceData"/>
<property name="ad7414.vhd, 298, 562" value="1" type="GuiResourceData"/>
<property name="ad7414.vhd, 301, 679" value="1" type="GuiResourceData"/>
<property name="ad7414.vhd, 307, 684" value="1" type="GuiResourceData"/>
<property name="ad7414.vhd, 35, 871" value="1" type="GuiResourceData"/>
<property name="ad7414.vhd, 38, 542" value="1" type="GuiResourceData"/>
<property name="ad7414.vhd, 41, 389" value="1" type="GuiResourceData"/>
<property name="ad7414.vhd, 461, 430" value="1" type="GuiResourceData"/>
<property name="ad7414.vhd, 48, 844" value="1" type="GuiResourceData"/>
<property name="ad7414.vhd, 48, 865" value="1" type="GuiResourceData"/>
<property name="ad7414.vhd, 480, 877" value="1" type="GuiResourceData"/>
<property name="ad7414.vhd, 481, 380" value="1" type="GuiResourceData"/>
<property name="ad7414.vhd, 49, 855" value="1" type="GuiResourceData"/>
<property name="ad7414.vhd, 54, 657" value="1" type="GuiResourceData"/>
<property name="ad7414.vhd, 54, 657, false, false, false, true, false" value="1" type="GuiResourceData"/>
<property name="ad7414.vhd, 577, 469" value="1" type="GuiResourceData"/>
<property name="ad7414.vhd, 610, 551" value="1" type="GuiResourceData"/>
<property name="ad7414.vhd, 671, 891" value="1" type="GuiResourceData"/>
<property name="ad7414.vhd, 693, 286" value="1" type="GuiResourceData"/>
<property name="ad7414.vhd, 696, 818" value="1" type="GuiResourceData"/>
<property name="ad7414.vhd, 72, 479" value="1" type="GuiResourceData"/>
<property name="ad7414.vhd, 734, 545" value="1" type="GuiResourceData"/>
<property name="ad7414.vhd, 74, 727" value="1" type="GuiResourceData"/>
<property name="ad7414.vhd, 748, 505" value="1" type="GuiResourceData"/>
<property name="ad7414.vhd, 806, 855" value="1" type="GuiResourceData"/>
<property name="ad7414.vhd, 93, 209" value="1" type="GuiResourceData"/>
<property name="ad7414.vhd, 951, 649" value="1" type="GuiResourceData"/>
</item>
<item name="Other">
<property name="GuiMode" value="83" type="GuiMode"/>
<property name="BatchMode" value="0" type="BatchMode"/>
<property name="TclMode" value="77" type="TclMode"/>
</item>
</section>
</application>
</document>
